#SampleID,BarcodeSequence,ProjectID,DateSequenced,RunName
#q2:types,categorical,categorical,numeric,categorical 
DNAfreewater1,GGTTCCATTAGGTCACCTCCTTGT,Control,20181130,MiSeqV1V3_35
DNAfreewater2,GGTTCCATTAGGACCCAAGCGTTA,Control,20181130,MiSeqV1V3_35
DNAfreewater3,TTCTGAGAGGTATCACCTCCTTGT,Control,20181130,MiSeqV1V3_35
DNAfreewater4,TTCTGAGAGGTAACCCAAGCGTTA,Control,20181130,MiSeqV1V3_35
DNAfreewater5,ATCCCTACGGAAAGGCTTACGTGT,Control,20181130,MiSeqV1V3_35
DNAfreewater6,ATCCCTACGGAAACTTCCAACTTC,Control,20181130,MiSeqV1V3_35
IowaWound.Human.1005,TTCTGAGAGGTACGGTCAATTGAC,IowaWound,20181130,MiSeqV1V3_35
IowaWound.Human.1009,GGTTCCATTAGGTGCAGCAAGATT,IowaWound,20181130,MiSeqV1V3_35
IowaWound.Human.1011,TTCTGAGAGGTAAGTTGAGGCATT,IowaWound,20181130,MiSeqV1V3_35
IowaWound.Human.1015,TTCTGAGAGGTAATCTACCGAAGC,IowaWound,20181130,MiSeqV1V3_35
IowaWound.Human.1021,GGTTCCATTAGGGGCCAGTTCCTA,IowaWound,20181130,MiSeqV1V3_35
IowaWound.Human.1022,GGTTCCATTAGGTAATACGGATCG,IowaWound,20181130,MiSeqV1V3_35
IowaWound.Human.1030,GGTTCCATTAGGGCTCTCCGTAGA,IowaWound,20181130,MiSeqV1V3_35
IowaWound.Human.1033,TTCTGAGAGGTAAGCTGTCAAGCT,IowaWound,20181130,MiSeqV1V3_35
IowaWound.Human.1035,GGTTCCATTAGGTAGGCATGCTTG,IowaWound,20181130,MiSeqV1V3_35
IowaWound.Human.1036,GGTTCCATTAGGGCTCGAAGATTC,IowaWound,20181130,MiSeqV1V3_35
IowaWound.Human.1038,GGTTCCATTAGGTGTAACGCCGAT,IowaWound,20181130,MiSeqV1V3_35
IowaWound.Human.1039,GGTTCCATTAGGTCTTGGAGGTCA,IowaWound,20181130,MiSeqV1V3_35
IowaWound.Human.1040,GGTTCCATTAGGCGTAATTGCCGC,IowaWound,20181130,MiSeqV1V3_35
IowaWound.Human.1042,GGTTCCATTAGGATTCTGCCGAAG,IowaWound,20181130,MiSeqV1V3_35
IowaWound.Human.1046,GGTTCCATTAGGAGCTGTCAAGCT,IowaWound,20181130,MiSeqV1V3_35
IowaWound.Human.1052,GGTTCCATTAGGGCGTTCTAGCTG,IowaWound,20181130,MiSeqV1V3_35
IowaWound.Human.1055,TTCTGAGAGGTAAGTAGCGGAAGA,IowaWound,20181130,MiSeqV1V3_35
IowaWound.Human.1056,GGTTCCATTAGGGGTGACTAGTTC,IowaWound,20181130,MiSeqV1V3_35
IowaWound.Human.1068,GGTTCCATTAGGCTCACAACCGTG,IowaWound,20181130,MiSeqV1V3_35
IowaWound.Human.1074,GGTTCCATTAGGGTTCTCTTCTCG,IowaWound,20181130,MiSeqV1V3_35
IowaWound.Human.1084,GGTTCCATTAGGGTCGACAGAGGA,IowaWound,20181130,MiSeqV1V3_35
IowaWound.Human.1085,GGTTCCATTAGGATCTACCGAAGC,IowaWound,20181130,MiSeqV1V3_35
IowaWound.Human.1086,GGTTCCATTAGGATGGCTGTCAGT,IowaWound,20181130,MiSeqV1V3_35
IowaWound.Human.1091,GGTTCCATTAGGAGCATGTCCCGT,IowaWound,20181130,MiSeqV1V3_35
IowaWound.Human.1101,GGTTCCATTAGGAGCAACATTGCA,IowaWound,20181130,MiSeqV1V3_35
IowaWound.Human.1104,GGTTCCATTAGGGAGCCATCTGTA,IowaWound,20181130,MiSeqV1V3_35
IowaWound.Human.1106,GGTTCCATTAGGTATACCGCTGCG,IowaWound,20181130,MiSeqV1V3_35
IowaWound.Human.1107,TTCTGAGAGGTAGCCTAGCCCAAT,IowaWound,20181130,MiSeqV1V3_35
IowaWound.Human.1110,TTCTGAGAGGTAACTCCTTGTGTT,IowaWound,20181130,MiSeqV1V3_35
IowaWound.Human.1114,TTCTGAGAGGTAGCACACCTGATA,IowaWound,20181130,MiSeqV1V3_35
IowaWound.Human.1115,GGTTCCATTAGGTTGCCAAGAGTC,IowaWound,20181130,MiSeqV1V3_35
IowaWound.Human.1116,GGTTCCATTAGGAGTAGCGGAAGA,IowaWound,20181130,MiSeqV1V3_35
IowaWound.Human.1119,GGTTCCATTAGGATGTGTGTAGAC,IowaWound,20181130,MiSeqV1V3_35
IowaWound.Human.1121,GGTTCCATTAGGTCATGCTCCATT,IowaWound,20181130,MiSeqV1V3_35
IowaWound.Human.1123,GGTTCCATTAGGGACATTGTCACG,IowaWound,20181130,MiSeqV1V3_35
IowaWound.Human.1130,GGTTCCATTAGGCCACAGATCGAT,IowaWound,20181130,MiSeqV1V3_35
IowaWound.Human.1132,GGTTCCATTAGGCATCCCTCTACT,IowaWound,20181130,MiSeqV1V3_35
IowaWound.Human.1134,GGTTCCATTAGGTACCGCTTCTTC,IowaWound,20181130,MiSeqV1V3_35
IowaWound.Human.1141,GGTTCCATTAGGGTGGAGTCTCAT,IowaWound,20181130,MiSeqV1V3_35
IowaWound.Human.1144,GGTTCCATTAGGAGCAGAACATCT,IowaWound,20181130,MiSeqV1V3_35
IowaWound.Human.1145,GGTTCCATTAGGCGTGCTTAGGCT,IowaWound,20181130,MiSeqV1V3_35
IowaWound.Human.1147,GGTTCCATTAGGTCGGAATTAGAC,IowaWound,20181130,MiSeqV1V3_35
IowaWound.Human.1149,GGTTCCATTAGGGCCTAGCCCAAT,IowaWound,20181130,MiSeqV1V3_35
IowaWound.Human.1153,GGTTCCATTAGGTGTCGCAAATAG,IowaWound,20181130,MiSeqV1V3_35
IowaWound.Human.1158,GGTTCCATTAGGATGTCACCGCTG,IowaWound,20181130,MiSeqV1V3_35
IowaWound.Human.1161,GGTTCCATTAGGGCACACCTGATA,IowaWound,20181130,MiSeqV1V3_35
IowaWound.Human.1162,GGTTCCATTAGGCTGCTATTCCTC,IowaWound,20181130,MiSeqV1V3_35
IowaWound.Human.1171,GGTTCCATTAGGAACTAGTTCAGG,IowaWound,20181130,MiSeqV1V3_35
IowaWound.Human.1174,GGTTCCATTAGGTGCGCTGAATGT,IowaWound,20181130,MiSeqV1V3_35
IowaWound.Human.1176,GGTTCCATTAGGACAATAGACACC,IowaWound,20181130,MiSeqV1V3_35
IowaWound.Human.1179,GGTTCCATTAGGTGGAGTAGGTGG,IowaWound,20181130,MiSeqV1V3_35
IowaWound.Human.1184,GGTTCCATTAGGGATTCCGGCTCA,IowaWound,20181130,MiSeqV1V3_35
IowaWound.Human.1185,GGTTCCATTAGGTTGGGTACACGT,IowaWound,20181130,MiSeqV1V3_35
IowaWound.Human.1188,GGTTCCATTAGGGGACTTCCAGCT,IowaWound,20181130,MiSeqV1V3_35
IowaWound.Human.1189,GGTTCCATTAGGGTGTTGTCGTGC,IowaWound,20181130,MiSeqV1V3_35
IowaWound.Human.1195,GGTTCCATTAGGCACTCATCATTC,IowaWound,20181130,MiSeqV1V3_35
IowaWound.Human.1199,TTCTGAGAGGTATAGTATGCGCAA,IowaWound,20181130,MiSeqV1V3_35
IowaWound.Human.1202,GGTTCCATTAGGATGGGTTCCGTC,IowaWound,20181130,MiSeqV1V3_35
IowaWound.Human.1203,GGTTCCATTAGGGATGTTCGCTAG,IowaWound,20181130,MiSeqV1V3_35
IowaWound.Human.1208,TTCTGAGAGGTAATGGGTTCCGTC,IowaWound,20181130,MiSeqV1V3_35
IowaWound.Human.1216,TTCTGAGAGGTAGTTCTCTTCTCG,IowaWound,20181130,MiSeqV1V3_35
IowaWound.Human.1217,GGTTCCATTAGGTACTCGGGAACT,IowaWound,20181130,MiSeqV1V3_35
IowaWound.Human.1218,TTCTGAGAGGTAGGACTTCCAGCT,IowaWound,20181130,MiSeqV1V3_35
IowaWound.Human.1219,ATCCCTACGGAACCACAGATCGAT,IowaWound,20181130,MiSeqV1V3_35
IowaWound.Human.1224,GGTTCCATTAGGGCGACAATTACA,IowaWound,20181130,MiSeqV1V3_35
IowaWound.Human.1229,GGTTCCATTAGGATGATGAGCCTC,IowaWound,20181130,MiSeqV1V3_35
IowaWound.Human.1240,GGTTCCATTAGGGATCCCACGTAC,IowaWound,20181130,MiSeqV1V3_35
IowaWound.Human.1245,TTCTGAGAGGTATGGAGTAGGTGG,IowaWound,20181130,MiSeqV1V3_35
IowaWound.Human.1246,GGTTCCATTAGGACTTGGTGTAAG,IowaWound,20181130,MiSeqV1V3_35
IowaWound.Human.1248,GGTTCCATTAGGAAGGCGCTCCTT,IowaWound,20181130,MiSeqV1V3_35
IowaWound.Human.1257,GGTTCCATTAGGCCTGCGAAGTAT,IowaWound,20181130,MiSeqV1V3_35
IowaWound.Human.1258,GGTTCCATTAGGGTTGTTCTGGGA,IowaWound,20181130,MiSeqV1V3_35
IowaWound.Human.1262,GGTTCCATTAGGTGTGAATTCGGA,IowaWound,20181130,MiSeqV1V3_35
IowaWound.Human.1269,GGTTCCATTAGGTTCTCTCGACAT,IowaWound,20181130,MiSeqV1V3_35
IowaWound.Human.1270,TTCTGAGAGGTATCTCTACCACTC,IowaWound,20181130,MiSeqV1V3_35
IowaWound.Human.1273,GGTTCCATTAGGGTACGATATGAC,IowaWound,20181130,MiSeqV1V3_35
IowaWound.Human.1275,GGTTCCATTAGGGATGTATGTGGT,IowaWound,20181130,MiSeqV1V3_35
IowaWound.Human.1280,TTCTGAGAGGTATCTTGGAGGTCA,IowaWound,20181130,MiSeqV1V3_35
IowaWound.Human.1285,GGTTCCATTAGGGCGAGCGAAGTA,IowaWound,20181130,MiSeqV1V3_35
IowaWound.Human.1288,TTCTGAGAGGTACCTGCGAAGTAT,IowaWound,20181130,MiSeqV1V3_35
IowaWound.Human.1291,GGTTCCATTAGGTCCTCGAGCGAT,IowaWound,20181130,MiSeqV1V3_35
IowaWound.Human.1300,GGTTCCATTAGGTAGTATGCGCAA,IowaWound,20181130,MiSeqV1V3_35
IowaWound.Human.1302,GGTTCCATTAGGTATCGACACAAG,IowaWound,20181130,MiSeqV1V3_35
IowaWound.Human.1309,TTCTGAGAGGTATCGGAATTAGAC,IowaWound,20181130,MiSeqV1V3_35
IowaWound.Human.1312,GGTTCCATTAGGACTCCTTGTGTT,IowaWound,20181130,MiSeqV1V3_35
IowaWound.Human.1316,ATCCCTACGGAAGGACTTCCAGCT,IowaWound,20181130,MiSeqV1V3_35
IowaWound.Human.1320,ATCCCTACGGAAGCGTTCTAGCTG,IowaWound,20181130,MiSeqV1V3_35
IowaWound.Human.1321,TTCTGAGAGGTAATTCTGCCGAAG,IowaWound,20181130,MiSeqV1V3_35
IowaWound.Human.1323,TTCTGAGAGGTAGATGTATGTGGT,IowaWound,20181130,MiSeqV1V3_35
IowaWound.Human.1325,TTCTGAGAGGTATATCTATCCTGC,IowaWound,20181130,MiSeqV1V3_35
IowaWound.Human.1326,TTCTGAGAGGTAGCTCGAAGATTC,IowaWound,20181130,MiSeqV1V3_35
IowaWound.Human.1328,TTCTGAGAGGTAGTATTTCGGACG,IowaWound,20181130,MiSeqV1V3_35
IowaWound.Human.1329,TTCTGAGAGGTAGTCGACAGAGGA,IowaWound,20181130,MiSeqV1V3_35
IowaWound.Human.1330,ATCCCTACGGAATAGGCATGCTTG,IowaWound,20181130,MiSeqV1V3_35
IowaWound.Human.1331,TTCTGAGAGGTACATCCCTCTACT,IowaWound,20181130,MiSeqV1V3_35
IowaWound.Human.1333,GGTTCCATTAGGCGTAAGATGCCT,IowaWound,20181130,MiSeqV1V3_35
IowaWound.Human.1338,TTCTGAGAGGTAGCCAACAACCAT,IowaWound,20181130,MiSeqV1V3_35
IowaWound.Human.1341,GGTTCCATTAGGATGCCATGCCGT,IowaWound,20181130,MiSeqV1V3_35
IowaWound.Human.1345,TTCTGAGAGGTAGCGAGCGAAGTA,IowaWound,20181130,MiSeqV1V3_35
IowaWound.Human.1351,TTCTGAGAGGTATAATACGGATCG,IowaWound,20181130,MiSeqV1V3_35
IowaWound.Human.1367,ATCCCTACGGAAGTGGTGGTTTCC,IowaWound,20181130,MiSeqV1V3_35
IowaWound.Human.1368,TTCTGAGAGGTAACTTGGTGTAAG,IowaWound,20181130,MiSeqV1V3_35
IowaWound.Human.1372,TTCTGAGAGGTATTCTCTCGACAT,IowaWound,20181130,MiSeqV1V3_35
IowaWound.Human.1373,ATCCCTACGGAAGTACGATATGAC,IowaWound,20181130,MiSeqV1V3_35
IowaWound.Human.1380,TTCTGAGAGGTAGTACGATATGAC,IowaWound,20181130,MiSeqV1V3_35
IowaWound.Human.1386,TTCTGAGAGGTAAACTAGTTCAGG,IowaWound,20181130,MiSeqV1V3_35
IowaWound.Human.1397,TTCTGAGAGGTAACTCACAGGAAT,IowaWound,20181130,MiSeqV1V3_35
IowaWound.Human.1403,TTCTGAGAGGTAAGCAACATTGCA,IowaWound,20181130,MiSeqV1V3_35
IowaWound.Human.1414,TTCTGAGAGGTAATGCCATGCCGT,IowaWound,20181130,MiSeqV1V3_35
IowaWound.Human.1419,TTCTGAGAGGTATCCTCGAGCGAT,IowaWound,20181130,MiSeqV1V3_35
IowaWound.Human.1420,TTCTGAGAGGTACGTGCTTAGGCT,IowaWound,20181130,MiSeqV1V3_35
IowaWound.Human.1423,TTCTGAGAGGTAATGTGTGTAGAC,IowaWound,20181130,MiSeqV1V3_35
IowaWound.Human.1427,TTCTGAGAGGTAGACATTGTCACG,IowaWound,20181130,MiSeqV1V3_35
IowaWound.Human.1429,TTCTGAGAGGTAGCGACAATTACA,IowaWound,20181130,MiSeqV1V3_35
IowaWound.Human.1437,ATCCCTACGGAATAGTATGCGCAA,IowaWound,20181130,MiSeqV1V3_35
IowaWound.Human.1443,GGTTCCATTAGGGTTAAGCTGACC,IowaWound,20181130,MiSeqV1V3_35
IowaWound.Human.1445,ATCCCTACGGAATGCGCTGAATGT,IowaWound,20181130,MiSeqV1V3_35
IowaWound.Human.1449,ATCCCTACGGAAGTTGTTCTGGGA,IowaWound,20181130,MiSeqV1V3_35
IowaWound.Human.1450,TTCTGAGAGGTAGATGTGGTGTTA,IowaWound,20181130,MiSeqV1V3_35
IowaWound.Human.1460,ATCCCTACGGAATATCGACACAAG,IowaWound,20181130,MiSeqV1V3_35
IowaWound.Human.1474,ATCCCTACGGAACGTAATTGCCGC,IowaWound,20181130,MiSeqV1V3_35
IowaWound.Human.1475,ATCCCTACGGAATATACCGCTGCG,IowaWound,20181130,MiSeqV1V3_35
IowaWound.Human.1476,TTCTGAGAGGTAGAGCCATCTGTA,IowaWound,20181130,MiSeqV1V3_35
IowaWound.Human.1482,TTCTGAGAGGTAGAGAGCAACAGA,IowaWound,20181130,MiSeqV1V3_35
IowaWound.Human.1488,ATCCCTACGGAAGGTGACTAGTTC,IowaWound,20181130,MiSeqV1V3_35
IowaWound.Human.1491,ATCCCTACGGAAATGGGTTCCGTC,IowaWound,20181130,MiSeqV1V3_35
IowaWound.Human.1494,ATCCCTACGGAAAACTAGTTCAGG,IowaWound,20181130,MiSeqV1V3_35
IowaWound.Human.1497,ATCCCTACGGAAAGCATGTCCCGT,IowaWound,20181130,MiSeqV1V3_35
IowaWound.Human.1505,TTCTGAGAGGTACTCACCTAGGAA,IowaWound,20181130,MiSeqV1V3_35
IowaWound.Human.1506,TTCTGAGAGGTAGTCACGGACATT,IowaWound,20181130,MiSeqV1V3_35
IowaWound.Human.1509,TTCTGAGAGGTAGTTGTTCTGGGA,IowaWound,20181130,MiSeqV1V3_35
IowaWound.Human.1513,TTCTGAGAGGTAGGCCAGTTCCTA,IowaWound,20181130,MiSeqV1V3_35
IowaWound.Human.1514,TTCTGAGAGGTAATCAGTACTAGG,IowaWound,20181130,MiSeqV1V3_35
IowaWound.Human.1517,ATCCCTACGGAACATTCGTGGCGT,IowaWound,20181130,MiSeqV1V3_35
IowaWound.Human.1518,ATCCCTACGGAATCGGAATTAGAC,IowaWound,20181130,MiSeqV1V3_35
IowaWound.Human.1521,ATCCCTACGGAAGTGTTGTCGTGC,IowaWound,20181130,MiSeqV1V3_35
IowaWound.Human.1528,ATCCCTACGGAAGTCGACAGAGGA,IowaWound,20181130,MiSeqV1V3_35
IowaWound.Human.1531,ATCCCTACGGAATACTACGTGGCC,IowaWound,20181130,MiSeqV1V3_35
IowaWound.Human.1538,TTCTGAGAGGTATGCGCTGAATGT,IowaWound,20181130,MiSeqV1V3_35
IowaWound.Human.1543,ATCCCTACGGAAGCTCGAAGATTC,IowaWound,20181130,MiSeqV1V3_35
IowaWound.Human.1545,TTCTGAGAGGTACTCACAACCGTG,IowaWound,20181130,MiSeqV1V3_35
IowaWound.Human.1552,TTCTGAGAGGTAGATCCCACGTAC,IowaWound,20181130,MiSeqV1V3_35
IowaWound.Human.1556,TTCTGAGAGGTATCATGCTCCATT,IowaWound,20181130,MiSeqV1V3_35
IowaWound.Human.1558,ATCCCTACGGAAATGGCTGTCAGT,IowaWound,20181130,MiSeqV1V3_35
IowaWound.Human.1561,ATCCCTACGGAAGATGTTCGCTAG,IowaWound,20181130,MiSeqV1V3_35
IowaWound.Human.1562,ATCCCTACGGAAATGATGAGCCTC,IowaWound,20181130,MiSeqV1V3_35
IowaWound.Human.1566,ATCCCTACGGAAAAGGCGCTCCTT,IowaWound,20181130,MiSeqV1V3_35
IowaWound.Human.1567,ATCCCTACGGAAGTTCTCTTCTCG,IowaWound,20181130,MiSeqV1V3_35
IowaWound.Human.1578,TTCTGAGAGGTAGATTATCGACGA,IowaWound,20181130,MiSeqV1V3_35
IowaWound.Human.1595,ATCCCTACGGAAGAGCCATCTGTA,IowaWound,20181130,MiSeqV1V3_35
IowaWound.Human.1599,TTCTGAGAGGTATGTGAATTCGGA,IowaWound,20181130,MiSeqV1V3_35
IowaWound.Human.1604,TTCTGAGAGGTAATGTCACCGCTG,IowaWound,20181130,MiSeqV1V3_35
IowaWound.Human.1606,TTCTGAGAGGTATGTAACGCCGAT,IowaWound,20181130,MiSeqV1V3_35
IowaWound.Human.1609,ATCCCTACGGAACGTAAGATGCCT,IowaWound,20181130,MiSeqV1V3_35
IowaWound.Human.1610,ATCCCTACGGAAATTCTGCCGAAG,IowaWound,20181130,MiSeqV1V3_35
IowaWound.Human.1619,ATCCCTACGGAAGTGGAGTCTCAT,IowaWound,20181130,MiSeqV1V3_35
IowaWound.Human.1620,TTCTGAGAGGTATACCGCTTCTTC,IowaWound,20181130,MiSeqV1V3_35
IowaWound.Human.1621,ATCCCTACGGAATAATACGGATCG,IowaWound,20181130,MiSeqV1V3_35
IowaWound.Human.1626,TTCTGAGAGGTATGTCGCAAATAG,IowaWound,20181130,MiSeqV1V3_35
IowaWound.Human.1627,TTCTGAGAGGTAGCTCTCCGTAGA,IowaWound,20181130,MiSeqV1V3_35
IowaWound.Human.1630,ATCCCTACGGAATTGGGTACACGT,IowaWound,20181130,MiSeqV1V3_35
IowaWound.Human.1643,TTCTGAGAGGTATTGCCAAGAGTC,IowaWound,20181130,MiSeqV1V3_35
IowaWound.Human.1651,TTCTGAGAGGTATTGGCTCTATTC,IowaWound,20181130,MiSeqV1V3_35
IowaWound.Human.1661,GGTTCCATTAGGGCCAACAACCAT,IowaWound,20181130,MiSeqV1V3_35
IowaWound.Human.1662,ATCCCTACGGAAACTCACAGGAAT,IowaWound,20181130,MiSeqV1V3_35
IowaWound.Human.1669,TTCTGAGAGGTAATGGCTGTCAGT,IowaWound,20181130,MiSeqV1V3_35
IowaWound.Human.1670,ATCCCTACGGAAGGCCAGTTCCTA,IowaWound,20181130,MiSeqV1V3_35
IowaWound.Human.1675,TTCTGAGAGGTACTGCTATTCCTC,IowaWound,20181130,MiSeqV1V3_35
IowaWound.Human.1680,TTCTGAGAGGTATTGGGTACACGT,IowaWound,20181130,MiSeqV1V3_35
IowaWound.Human.1681,TTCTGAGAGGTAGTGTTGTCGTGC,IowaWound,20181130,MiSeqV1V3_35
IowaWound.Human.1686,ATCCCTACGGAATGTGAATTCGGA,IowaWound,20181130,MiSeqV1V3_35
IowaWound.Human.1688,TTCTGAGAGGTATACCGAAGGTAT,IowaWound,20181130,MiSeqV1V3_35
IowaWound.Human.1689,ATCCCTACGGAACTATCTCCTGTC,IowaWound,20181130,MiSeqV1V3_35
IowaWound.Human.1694,TTCTGAGAGGTACGTAATTGCCGC,IowaWound,20181130,MiSeqV1V3_35
IowaWound.Human.1697,TTCTGAGAGGTATACTACGTGGCC,IowaWound,20181130,MiSeqV1V3_35
IowaWound.Human.1707,ATCCCTACGGAAACAATAGACACC,IowaWound,20181130,MiSeqV1V3_35
IowaWound.Human.1716,TTCTGAGAGGTAAGCAGAACATCT,IowaWound,20181130,MiSeqV1V3_35
IowaWound.Human.1720,TTCTGAGAGGTAATGATGAGCCTC,IowaWound,20181130,MiSeqV1V3_35
IowaWound.Human.1723,TTCTGAGAGGTACATACCGTGAGT,IowaWound,20181130,MiSeqV1V3_35
IowaWound.Human.1731,ATCCCTACGGAATCTCTACCACTC,IowaWound,20181130,MiSeqV1V3_35
IowaWound.Human.1733,TTCTGAGAGGTATGTGCGATAACA,IowaWound,20181130,MiSeqV1V3_35
IowaWound.Human.1734,ATCCCTACGGAACGGTCAATTGAC,IowaWound,20181130,MiSeqV1V3_35
IowaWound.Human.1740,TTCTGAGAGGTATGCAGCAAGATT,IowaWound,20181130,MiSeqV1V3_35
IowaWound.Human.1741,ATCCCTACGGAACTCACCTAGGAA,IowaWound,20181130,MiSeqV1V3_35
IowaWound.Human.1757,TTCTGAGAGGTATATACCGCTGCG,IowaWound,20181130,MiSeqV1V3_35
IowaWound.Human.1764,ATCCCTACGGAACTCACAACCGTG,IowaWound,20181130,MiSeqV1V3_35
IowaWound.Human.1768,TTCTGAGAGGTATATCGACACAAG,IowaWound,20181130,MiSeqV1V3_35
IowaWound.Human.1772,TTCTGAGAGGTACTATCTCCTGTC,IowaWound,20181130,MiSeqV1V3_35
IowaWound.Human.1783,ATCCCTACGGAAGATTCCGGCTCA,IowaWound,20181130,MiSeqV1V3_35
IowaWound.Human.1784,TTCTGAGAGGTAGTTAAGCTGACC,IowaWound,20181130,MiSeqV1V3_35
IowaWound.Human.1786,GGTTCCATTAGGATCAGTACTAGG,IowaWound,20181130,MiSeqV1V3_35
IowaWound.Human.1787,TTCTGAGAGGTAACAATAGACACC,IowaWound,20181130,MiSeqV1V3_35
IowaWound.Human.1792,TTCTGAGAGGTAGGTGACTAGTTC,IowaWound,20181130,MiSeqV1V3_35
IowaWound.Human.1798,TTCTGAGAGGTAAAGGCGCTCCTT,IowaWound,20181130,MiSeqV1V3_35
IowaWound.Human.1799,TTCTGAGAGGTAAGCATGTCCCGT,IowaWound,20181130,MiSeqV1V3_35
IowaWound.Human.417,GGTTCCATTAGGTACCGAAGGTAT,IowaWound,20181130,MiSeqV1V3_35
IowaWound.Human.510,GGTTCCATTAGGGATTATCGACGA,IowaWound,20181130,MiSeqV1V3_35
IowaWound.Human.584,GGTTCCATTAGGGTCACGGACATT,IowaWound,20181130,MiSeqV1V3_35
IowaWound.Human.604,TTCTGAGAGGTATAGGCATGCTTG,IowaWound,20181130,MiSeqV1V3_35
IowaWound.Human.675,ATCCCTACGGAAAGTTGAGGCATT,IowaWound,20181130,MiSeqV1V3_35
IowaWound.Human.859,TTCTGAGAGGTAGTGGTGGTTTCC,IowaWound,20181130,MiSeqV1V3_35
IowaWound.Human.888,GGTTCCATTAGGGCAATTAGGTAC,IowaWound,20181130,MiSeqV1V3_35
IowaWound.Human.913,TTCTGAGAGGTACGTAAGATGCCT,IowaWound,20181130,MiSeqV1V3_35
IowaWound.Human.914,GGTTCCATTAGGTATCTATCCTGC,IowaWound,20181130,MiSeqV1V3_35
IowaWound.Human.926,TTCTGAGAGGTACCACAGATCGAT,IowaWound,20181130,MiSeqV1V3_35
IowaWound.Human.929,GGTTCCATTAGGCATTCGTGGCGT,IowaWound,20181130,MiSeqV1V3_35
IowaWound.Human.935,TTCTGAGAGGTAGCGTTCTAGCTG,IowaWound,20181130,MiSeqV1V3_35
IowaWound.Human.943,GGTTCCATTAGGGTATTTCGGACG,IowaWound,20181130,MiSeqV1V3_35
IowaWound.Human.944,TTCTGAGAGGTAGTGGAGTCTCAT,IowaWound,20181130,MiSeqV1V3_35
IowaWound.Human.952,GGTTCCATTAGGAGTTGAGGCATT,IowaWound,20181130,MiSeqV1V3_35
IowaWound.Human.956,GGTTCCATTAGGGAGAGCAACAGA,IowaWound,20181130,MiSeqV1V3_35
IowaWound.Human.962,TTCTGAGAGGTATACTCGGGAACT,IowaWound,20181130,MiSeqV1V3_35
IowaWound.Human.966,TTCTGAGAGGTACATTCGTGGCGT,IowaWound,20181130,MiSeqV1V3_35
IowaWound.Human.967,GGTTCCATTAGGCGGTCAATTGAC,IowaWound,20181130,MiSeqV1V3_35
IowaWound.Human.968,GGTTCCATTAGGGATGTGGTGTTA,IowaWound,20181130,MiSeqV1V3_35
IowaWound.Human.969,GGTTCCATTAGGTACTACGTGGCC,IowaWound,20181130,MiSeqV1V3_35
IowaWound.Human.973,TTCTGAGAGGTAGATGTTCGCTAG,IowaWound,20181130,MiSeqV1V3_35
IowaWound.Human.979,TTCTGAGAGGTAGATTCCGGCTCA,IowaWound,20181130,MiSeqV1V3_35
IowaWound.Human.980,GGTTCCATTAGGTGTGCGATAACA,IowaWound,20181130,MiSeqV1V3_35
IowaWound.Human.981,GGTTCCATTAGGGTGGTGGTTTCC,IowaWound,20181130,MiSeqV1V3_35
IowaWound.Human.983,TTCTGAGAGGTACACTCATCATTC,IowaWound,20181130,MiSeqV1V3_35
IowaWound.Human.990,GGTTCCATTAGGACTCACAGGAAT,IowaWound,20181130,MiSeqV1V3_35
IowaWound.Human.994,GGTTCCATTAGGCATACCGTGAGT,IowaWound,20181130,MiSeqV1V3_35
IowaWound.Human.995,GGTTCCATTAGGCTATCTCCTGTC,IowaWound,20181130,MiSeqV1V3_35