sample-id	forward-absolute-filepath	reverse-absolute-filepath
120361	/home/acampbe/IowaWoundData/MiSeqV1V3_32/demultiplexed/MiSeqV1V3_32_barcode_120361_1.fastq.gz	/home/acampbe/IowaWoundData/MiSeqV1V3_32/demultiplexed/MiSeqV1V3_32_barcode_120361_2.fastq.gz
120383	/home/acampbe/IowaWoundData/MiSeqV1V3_32/demultiplexed/MiSeqV1V3_32_barcode_120383_1.fastq.gz	/home/acampbe/IowaWoundData/MiSeqV1V3_32/demultiplexed/MiSeqV1V3_32_barcode_120383_2.fastq.gz
120362	/home/acampbe/IowaWoundData/MiSeqV1V3_32/demultiplexed/MiSeqV1V3_32_barcode_120362_1.fastq.gz	/home/acampbe/IowaWoundData/MiSeqV1V3_32/demultiplexed/MiSeqV1V3_32_barcode_120362_2.fastq.gz
120384	/home/acampbe/IowaWoundData/MiSeqV1V3_32/demultiplexed/MiSeqV1V3_32_barcode_120384_1.fastq.gz	/home/acampbe/IowaWoundData/MiSeqV1V3_32/demultiplexed/MiSeqV1V3_32_barcode_120384_2.fastq.gz
120523	/home/acampbe/IowaWoundData/MiSeqV1V3_32/demultiplexed/MiSeqV1V3_32_barcode_120523_1.fastq.gz	/home/acampbe/IowaWoundData/MiSeqV1V3_32/demultiplexed/MiSeqV1V3_32_barcode_120523_2.fastq.gz
120547	/home/acampbe/IowaWoundData/MiSeqV1V3_32/demultiplexed/MiSeqV1V3_32_barcode_120547_1.fastq.gz	/home/acampbe/IowaWoundData/MiSeqV1V3_32/demultiplexed/MiSeqV1V3_32_barcode_120547_2.fastq.gz
120572	/home/acampbe/IowaWoundData/MiSeqV1V3_32/demultiplexed/MiSeqV1V3_32_barcode_120572_1.fastq.gz	/home/acampbe/IowaWoundData/MiSeqV1V3_32/demultiplexed/MiSeqV1V3_32_barcode_120572_2.fastq.gz
120524	/home/acampbe/IowaWoundData/MiSeqV1V3_32/demultiplexed/MiSeqV1V3_32_barcode_120524_1.fastq.gz	/home/acampbe/IowaWoundData/MiSeqV1V3_32/demultiplexed/MiSeqV1V3_32_barcode_120524_2.fastq.gz
120526	/home/acampbe/IowaWoundData/MiSeqV1V3_32/demultiplexed/MiSeqV1V3_32_barcode_120526_1.fastq.gz	/home/acampbe/IowaWoundData/MiSeqV1V3_32/demultiplexed/MiSeqV1V3_32_barcode_120526_2.fastq.gz
120525	/home/acampbe/IowaWoundData/MiSeqV1V3_32/demultiplexed/MiSeqV1V3_32_barcode_120525_1.fastq.gz	/home/acampbe/IowaWoundData/MiSeqV1V3_32/demultiplexed/MiSeqV1V3_32_barcode_120525_2.fastq.gz
120527	/home/acampbe/IowaWoundData/MiSeqV1V3_32/demultiplexed/MiSeqV1V3_32_barcode_120527_1.fastq.gz	/home/acampbe/IowaWoundData/MiSeqV1V3_32/demultiplexed/MiSeqV1V3_32_barcode_120527_2.fastq.gz
120529	/home/acampbe/IowaWoundData/MiSeqV1V3_32/demultiplexed/MiSeqV1V3_32_barcode_120529_1.fastq.gz	/home/acampbe/IowaWoundData/MiSeqV1V3_32/demultiplexed/MiSeqV1V3_32_barcode_120529_2.fastq.gz
120548	/home/acampbe/IowaWoundData/MiSeqV1V3_32/demultiplexed/MiSeqV1V3_32_barcode_120548_1.fastq.gz	/home/acampbe/IowaWoundData/MiSeqV1V3_32/demultiplexed/MiSeqV1V3_32_barcode_120548_2.fastq.gz
120530	/home/acampbe/IowaWoundData/MiSeqV1V3_32/demultiplexed/MiSeqV1V3_32_barcode_120530_1.fastq.gz	/home/acampbe/IowaWoundData/MiSeqV1V3_32/demultiplexed/MiSeqV1V3_32_barcode_120530_2.fastq.gz
120573	/home/acampbe/IowaWoundData/MiSeqV1V3_32/demultiplexed/MiSeqV1V3_32_barcode_120573_1.fastq.gz	/home/acampbe/IowaWoundData/MiSeqV1V3_32/demultiplexed/MiSeqV1V3_32_barcode_120573_2.fastq.gz
120531	/home/acampbe/IowaWoundData/MiSeqV1V3_32/demultiplexed/MiSeqV1V3_32_barcode_120531_1.fastq.gz	/home/acampbe/IowaWoundData/MiSeqV1V3_32/demultiplexed/MiSeqV1V3_32_barcode_120531_2.fastq.gz
120532	/home/acampbe/IowaWoundData/MiSeqV1V3_32/demultiplexed/MiSeqV1V3_32_barcode_120532_1.fastq.gz	/home/acampbe/IowaWoundData/MiSeqV1V3_32/demultiplexed/MiSeqV1V3_32_barcode_120532_2.fastq.gz
120533	/home/acampbe/IowaWoundData/MiSeqV1V3_32/demultiplexed/MiSeqV1V3_32_barcode_120533_1.fastq.gz	/home/acampbe/IowaWoundData/MiSeqV1V3_32/demultiplexed/MiSeqV1V3_32_barcode_120533_2.fastq.gz
120534	/home/acampbe/IowaWoundData/MiSeqV1V3_32/demultiplexed/MiSeqV1V3_32_barcode_120534_1.fastq.gz	/home/acampbe/IowaWoundData/MiSeqV1V3_32/demultiplexed/MiSeqV1V3_32_barcode_120534_2.fastq.gz
120535	/home/acampbe/IowaWoundData/MiSeqV1V3_32/demultiplexed/MiSeqV1V3_32_barcode_120535_1.fastq.gz	/home/acampbe/IowaWoundData/MiSeqV1V3_32/demultiplexed/MiSeqV1V3_32_barcode_120535_2.fastq.gz
120536	/home/acampbe/IowaWoundData/MiSeqV1V3_32/demultiplexed/MiSeqV1V3_32_barcode_120536_1.fastq.gz	/home/acampbe/IowaWoundData/MiSeqV1V3_32/demultiplexed/MiSeqV1V3_32_barcode_120536_2.fastq.gz
120537	/home/acampbe/IowaWoundData/MiSeqV1V3_32/demultiplexed/MiSeqV1V3_32_barcode_120537_1.fastq.gz	/home/acampbe/IowaWoundData/MiSeqV1V3_32/demultiplexed/MiSeqV1V3_32_barcode_120537_2.fastq.gz
120385	/home/acampbe/IowaWoundData/MiSeqV1V3_32/demultiplexed/MiSeqV1V3_32_barcode_120385_1.fastq.gz	/home/acampbe/IowaWoundData/MiSeqV1V3_32/demultiplexed/MiSeqV1V3_32_barcode_120385_2.fastq.gz
120538	/home/acampbe/IowaWoundData/MiSeqV1V3_32/demultiplexed/MiSeqV1V3_32_barcode_120538_1.fastq.gz	/home/acampbe/IowaWoundData/MiSeqV1V3_32/demultiplexed/MiSeqV1V3_32_barcode_120538_2.fastq.gz
120574	/home/acampbe/IowaWoundData/MiSeqV1V3_32/demultiplexed/MiSeqV1V3_32_barcode_120574_1.fastq.gz	/home/acampbe/IowaWoundData/MiSeqV1V3_32/demultiplexed/MiSeqV1V3_32_barcode_120574_2.fastq.gz
120540	/home/acampbe/IowaWoundData/MiSeqV1V3_32/demultiplexed/MiSeqV1V3_32_barcode_120540_1.fastq.gz	/home/acampbe/IowaWoundData/MiSeqV1V3_32/demultiplexed/MiSeqV1V3_32_barcode_120540_2.fastq.gz
120541	/home/acampbe/IowaWoundData/MiSeqV1V3_32/demultiplexed/MiSeqV1V3_32_barcode_120541_1.fastq.gz	/home/acampbe/IowaWoundData/MiSeqV1V3_32/demultiplexed/MiSeqV1V3_32_barcode_120541_2.fastq.gz
120587	/home/acampbe/IowaWoundData/MiSeqV1V3_32/demultiplexed/MiSeqV1V3_32_barcode_120587_1.fastq.gz	/home/acampbe/IowaWoundData/MiSeqV1V3_32/demultiplexed/MiSeqV1V3_32_barcode_120587_2.fastq.gz
120542	/home/acampbe/IowaWoundData/MiSeqV1V3_32/demultiplexed/MiSeqV1V3_32_barcode_120542_1.fastq.gz	/home/acampbe/IowaWoundData/MiSeqV1V3_32/demultiplexed/MiSeqV1V3_32_barcode_120542_2.fastq.gz
120543	/home/acampbe/IowaWoundData/MiSeqV1V3_32/demultiplexed/MiSeqV1V3_32_barcode_120543_1.fastq.gz	/home/acampbe/IowaWoundData/MiSeqV1V3_32/demultiplexed/MiSeqV1V3_32_barcode_120543_2.fastq.gz
120544	/home/acampbe/IowaWoundData/MiSeqV1V3_32/demultiplexed/MiSeqV1V3_32_barcode_120544_1.fastq.gz	/home/acampbe/IowaWoundData/MiSeqV1V3_32/demultiplexed/MiSeqV1V3_32_barcode_120544_2.fastq.gz
120364	/home/acampbe/IowaWoundData/MiSeqV1V3_32/demultiplexed/MiSeqV1V3_32_barcode_120364_1.fastq.gz	/home/acampbe/IowaWoundData/MiSeqV1V3_32/demultiplexed/MiSeqV1V3_32_barcode_120364_2.fastq.gz
120365	/home/acampbe/IowaWoundData/MiSeqV1V3_32/demultiplexed/MiSeqV1V3_32_barcode_120365_1.fastq.gz	/home/acampbe/IowaWoundData/MiSeqV1V3_32/demultiplexed/MiSeqV1V3_32_barcode_120365_2.fastq.gz
120367	/home/acampbe/IowaWoundData/MiSeqV1V3_32/demultiplexed/MiSeqV1V3_32_barcode_120367_1.fastq.gz	/home/acampbe/IowaWoundData/MiSeqV1V3_32/demultiplexed/MiSeqV1V3_32_barcode_120367_2.fastq.gz
120368	/home/acampbe/IowaWoundData/MiSeqV1V3_32/demultiplexed/MiSeqV1V3_32_barcode_120368_1.fastq.gz	/home/acampbe/IowaWoundData/MiSeqV1V3_32/demultiplexed/MiSeqV1V3_32_barcode_120368_2.fastq.gz
120369	/home/acampbe/IowaWoundData/MiSeqV1V3_32/demultiplexed/MiSeqV1V3_32_barcode_120369_1.fastq.gz	/home/acampbe/IowaWoundData/MiSeqV1V3_32/demultiplexed/MiSeqV1V3_32_barcode_120369_2.fastq.gz
120386	/home/acampbe/IowaWoundData/MiSeqV1V3_32/demultiplexed/MiSeqV1V3_32_barcode_120386_1.fastq.gz	/home/acampbe/IowaWoundData/MiSeqV1V3_32/demultiplexed/MiSeqV1V3_32_barcode_120386_2.fastq.gz
120387	/home/acampbe/IowaWoundData/MiSeqV1V3_32/demultiplexed/MiSeqV1V3_32_barcode_120387_1.fastq.gz	/home/acampbe/IowaWoundData/MiSeqV1V3_32/demultiplexed/MiSeqV1V3_32_barcode_120387_2.fastq.gz
120388	/home/acampbe/IowaWoundData/MiSeqV1V3_32/demultiplexed/MiSeqV1V3_32_barcode_120388_1.fastq.gz	/home/acampbe/IowaWoundData/MiSeqV1V3_32/demultiplexed/MiSeqV1V3_32_barcode_120388_2.fastq.gz
120389	/home/acampbe/IowaWoundData/MiSeqV1V3_32/demultiplexed/MiSeqV1V3_32_barcode_120389_1.fastq.gz	/home/acampbe/IowaWoundData/MiSeqV1V3_32/demultiplexed/MiSeqV1V3_32_barcode_120389_2.fastq.gz
120391	/home/acampbe/IowaWoundData/MiSeqV1V3_32/demultiplexed/MiSeqV1V3_32_barcode_120391_1.fastq.gz	/home/acampbe/IowaWoundData/MiSeqV1V3_32/demultiplexed/MiSeqV1V3_32_barcode_120391_2.fastq.gz
120392	/home/acampbe/IowaWoundData/MiSeqV1V3_32/demultiplexed/MiSeqV1V3_32_barcode_120392_1.fastq.gz	/home/acampbe/IowaWoundData/MiSeqV1V3_32/demultiplexed/MiSeqV1V3_32_barcode_120392_2.fastq.gz
120393	/home/acampbe/IowaWoundData/MiSeqV1V3_32/demultiplexed/MiSeqV1V3_32_barcode_120393_1.fastq.gz	/home/acampbe/IowaWoundData/MiSeqV1V3_32/demultiplexed/MiSeqV1V3_32_barcode_120393_2.fastq.gz
120394	/home/acampbe/IowaWoundData/MiSeqV1V3_32/demultiplexed/MiSeqV1V3_32_barcode_120394_1.fastq.gz	/home/acampbe/IowaWoundData/MiSeqV1V3_32/demultiplexed/MiSeqV1V3_32_barcode_120394_2.fastq.gz
120395	/home/acampbe/IowaWoundData/MiSeqV1V3_32/demultiplexed/MiSeqV1V3_32_barcode_120395_1.fastq.gz	/home/acampbe/IowaWoundData/MiSeqV1V3_32/demultiplexed/MiSeqV1V3_32_barcode_120395_2.fastq.gz
120396	/home/acampbe/IowaWoundData/MiSeqV1V3_32/demultiplexed/MiSeqV1V3_32_barcode_120396_1.fastq.gz	/home/acampbe/IowaWoundData/MiSeqV1V3_32/demultiplexed/MiSeqV1V3_32_barcode_120396_2.fastq.gz
120397	/home/acampbe/IowaWoundData/MiSeqV1V3_32/demultiplexed/MiSeqV1V3_32_barcode_120397_1.fastq.gz	/home/acampbe/IowaWoundData/MiSeqV1V3_32/demultiplexed/MiSeqV1V3_32_barcode_120397_2.fastq.gz
120398	/home/acampbe/IowaWoundData/MiSeqV1V3_32/demultiplexed/MiSeqV1V3_32_barcode_120398_1.fastq.gz	/home/acampbe/IowaWoundData/MiSeqV1V3_32/demultiplexed/MiSeqV1V3_32_barcode_120398_2.fastq.gz
120399	/home/acampbe/IowaWoundData/MiSeqV1V3_32/demultiplexed/MiSeqV1V3_32_barcode_120399_1.fastq.gz	/home/acampbe/IowaWoundData/MiSeqV1V3_32/demultiplexed/MiSeqV1V3_32_barcode_120399_2.fastq.gz
120400	/home/acampbe/IowaWoundData/MiSeqV1V3_32/demultiplexed/MiSeqV1V3_32_barcode_120400_1.fastq.gz	/home/acampbe/IowaWoundData/MiSeqV1V3_32/demultiplexed/MiSeqV1V3_32_barcode_120400_2.fastq.gz
120401	/home/acampbe/IowaWoundData/MiSeqV1V3_32/demultiplexed/MiSeqV1V3_32_barcode_120401_1.fastq.gz	/home/acampbe/IowaWoundData/MiSeqV1V3_32/demultiplexed/MiSeqV1V3_32_barcode_120401_2.fastq.gz
120402	/home/acampbe/IowaWoundData/MiSeqV1V3_32/demultiplexed/MiSeqV1V3_32_barcode_120402_1.fastq.gz	/home/acampbe/IowaWoundData/MiSeqV1V3_32/demultiplexed/MiSeqV1V3_32_barcode_120402_2.fastq.gz
120403	/home/acampbe/IowaWoundData/MiSeqV1V3_32/demultiplexed/MiSeqV1V3_32_barcode_120403_1.fastq.gz	/home/acampbe/IowaWoundData/MiSeqV1V3_32/demultiplexed/MiSeqV1V3_32_barcode_120403_2.fastq.gz
120404	/home/acampbe/IowaWoundData/MiSeqV1V3_32/demultiplexed/MiSeqV1V3_32_barcode_120404_1.fastq.gz	/home/acampbe/IowaWoundData/MiSeqV1V3_32/demultiplexed/MiSeqV1V3_32_barcode_120404_2.fastq.gz
120405	/home/acampbe/IowaWoundData/MiSeqV1V3_32/demultiplexed/MiSeqV1V3_32_barcode_120405_1.fastq.gz	/home/acampbe/IowaWoundData/MiSeqV1V3_32/demultiplexed/MiSeqV1V3_32_barcode_120405_2.fastq.gz
120406	/home/acampbe/IowaWoundData/MiSeqV1V3_32/demultiplexed/MiSeqV1V3_32_barcode_120406_1.fastq.gz	/home/acampbe/IowaWoundData/MiSeqV1V3_32/demultiplexed/MiSeqV1V3_32_barcode_120406_2.fastq.gz
120473	/home/acampbe/IowaWoundData/MiSeqV1V3_32/demultiplexed/MiSeqV1V3_32_barcode_120473_1.fastq.gz	/home/acampbe/IowaWoundData/MiSeqV1V3_32/demultiplexed/MiSeqV1V3_32_barcode_120473_2.fastq.gz
120407	/home/acampbe/IowaWoundData/MiSeqV1V3_32/demultiplexed/MiSeqV1V3_32_barcode_120407_1.fastq.gz	/home/acampbe/IowaWoundData/MiSeqV1V3_32/demultiplexed/MiSeqV1V3_32_barcode_120407_2.fastq.gz
120408	/home/acampbe/IowaWoundData/MiSeqV1V3_32/demultiplexed/MiSeqV1V3_32_barcode_120408_1.fastq.gz	/home/acampbe/IowaWoundData/MiSeqV1V3_32/demultiplexed/MiSeqV1V3_32_barcode_120408_2.fastq.gz
120425	/home/acampbe/IowaWoundData/MiSeqV1V3_32/demultiplexed/MiSeqV1V3_32_barcode_120425_1.fastq.gz	/home/acampbe/IowaWoundData/MiSeqV1V3_32/demultiplexed/MiSeqV1V3_32_barcode_120425_2.fastq.gz
120426	/home/acampbe/IowaWoundData/MiSeqV1V3_32/demultiplexed/MiSeqV1V3_32_barcode_120426_1.fastq.gz	/home/acampbe/IowaWoundData/MiSeqV1V3_32/demultiplexed/MiSeqV1V3_32_barcode_120426_2.fastq.gz
120427	/home/acampbe/IowaWoundData/MiSeqV1V3_32/demultiplexed/MiSeqV1V3_32_barcode_120427_1.fastq.gz	/home/acampbe/IowaWoundData/MiSeqV1V3_32/demultiplexed/MiSeqV1V3_32_barcode_120427_2.fastq.gz
120428	/home/acampbe/IowaWoundData/MiSeqV1V3_32/demultiplexed/MiSeqV1V3_32_barcode_120428_1.fastq.gz	/home/acampbe/IowaWoundData/MiSeqV1V3_32/demultiplexed/MiSeqV1V3_32_barcode_120428_2.fastq.gz
120429	/home/acampbe/IowaWoundData/MiSeqV1V3_32/demultiplexed/MiSeqV1V3_32_barcode_120429_1.fastq.gz	/home/acampbe/IowaWoundData/MiSeqV1V3_32/demultiplexed/MiSeqV1V3_32_barcode_120429_2.fastq.gz
120430	/home/acampbe/IowaWoundData/MiSeqV1V3_32/demultiplexed/MiSeqV1V3_32_barcode_120430_1.fastq.gz	/home/acampbe/IowaWoundData/MiSeqV1V3_32/demultiplexed/MiSeqV1V3_32_barcode_120430_2.fastq.gz
120431	/home/acampbe/IowaWoundData/MiSeqV1V3_32/demultiplexed/MiSeqV1V3_32_barcode_120431_1.fastq.gz	/home/acampbe/IowaWoundData/MiSeqV1V3_32/demultiplexed/MiSeqV1V3_32_barcode_120431_2.fastq.gz
120432	/home/acampbe/IowaWoundData/MiSeqV1V3_32/demultiplexed/MiSeqV1V3_32_barcode_120432_1.fastq.gz	/home/acampbe/IowaWoundData/MiSeqV1V3_32/demultiplexed/MiSeqV1V3_32_barcode_120432_2.fastq.gz
120433	/home/acampbe/IowaWoundData/MiSeqV1V3_32/demultiplexed/MiSeqV1V3_32_barcode_120433_1.fastq.gz	/home/acampbe/IowaWoundData/MiSeqV1V3_32/demultiplexed/MiSeqV1V3_32_barcode_120433_2.fastq.gz
120434	/home/acampbe/IowaWoundData/MiSeqV1V3_32/demultiplexed/MiSeqV1V3_32_barcode_120434_1.fastq.gz	/home/acampbe/IowaWoundData/MiSeqV1V3_32/demultiplexed/MiSeqV1V3_32_barcode_120434_2.fastq.gz
120435	/home/acampbe/IowaWoundData/MiSeqV1V3_32/demultiplexed/MiSeqV1V3_32_barcode_120435_1.fastq.gz	/home/acampbe/IowaWoundData/MiSeqV1V3_32/demultiplexed/MiSeqV1V3_32_barcode_120435_2.fastq.gz
120436	/home/acampbe/IowaWoundData/MiSeqV1V3_32/demultiplexed/MiSeqV1V3_32_barcode_120436_1.fastq.gz	/home/acampbe/IowaWoundData/MiSeqV1V3_32/demultiplexed/MiSeqV1V3_32_barcode_120436_2.fastq.gz
120437	/home/acampbe/IowaWoundData/MiSeqV1V3_32/demultiplexed/MiSeqV1V3_32_barcode_120437_1.fastq.gz	/home/acampbe/IowaWoundData/MiSeqV1V3_32/demultiplexed/MiSeqV1V3_32_barcode_120437_2.fastq.gz
120438	/home/acampbe/IowaWoundData/MiSeqV1V3_32/demultiplexed/MiSeqV1V3_32_barcode_120438_1.fastq.gz	/home/acampbe/IowaWoundData/MiSeqV1V3_32/demultiplexed/MiSeqV1V3_32_barcode_120438_2.fastq.gz
120409	/home/acampbe/IowaWoundData/MiSeqV1V3_32/demultiplexed/MiSeqV1V3_32_barcode_120409_1.fastq.gz	/home/acampbe/IowaWoundData/MiSeqV1V3_32/demultiplexed/MiSeqV1V3_32_barcode_120409_2.fastq.gz
120410	/home/acampbe/IowaWoundData/MiSeqV1V3_32/demultiplexed/MiSeqV1V3_32_barcode_120410_1.fastq.gz	/home/acampbe/IowaWoundData/MiSeqV1V3_32/demultiplexed/MiSeqV1V3_32_barcode_120410_2.fastq.gz
120412	/home/acampbe/IowaWoundData/MiSeqV1V3_32/demultiplexed/MiSeqV1V3_32_barcode_120412_1.fastq.gz	/home/acampbe/IowaWoundData/MiSeqV1V3_32/demultiplexed/MiSeqV1V3_32_barcode_120412_2.fastq.gz
120413	/home/acampbe/IowaWoundData/MiSeqV1V3_32/demultiplexed/MiSeqV1V3_32_barcode_120413_1.fastq.gz	/home/acampbe/IowaWoundData/MiSeqV1V3_32/demultiplexed/MiSeqV1V3_32_barcode_120413_2.fastq.gz
120414	/home/acampbe/IowaWoundData/MiSeqV1V3_32/demultiplexed/MiSeqV1V3_32_barcode_120414_1.fastq.gz	/home/acampbe/IowaWoundData/MiSeqV1V3_32/demultiplexed/MiSeqV1V3_32_barcode_120414_2.fastq.gz
120415	/home/acampbe/IowaWoundData/MiSeqV1V3_32/demultiplexed/MiSeqV1V3_32_barcode_120415_1.fastq.gz	/home/acampbe/IowaWoundData/MiSeqV1V3_32/demultiplexed/MiSeqV1V3_32_barcode_120415_2.fastq.gz
120416	/home/acampbe/IowaWoundData/MiSeqV1V3_32/demultiplexed/MiSeqV1V3_32_barcode_120416_1.fastq.gz	/home/acampbe/IowaWoundData/MiSeqV1V3_32/demultiplexed/MiSeqV1V3_32_barcode_120416_2.fastq.gz
120417	/home/acampbe/IowaWoundData/MiSeqV1V3_32/demultiplexed/MiSeqV1V3_32_barcode_120417_1.fastq.gz	/home/acampbe/IowaWoundData/MiSeqV1V3_32/demultiplexed/MiSeqV1V3_32_barcode_120417_2.fastq.gz
120418	/home/acampbe/IowaWoundData/MiSeqV1V3_32/demultiplexed/MiSeqV1V3_32_barcode_120418_1.fastq.gz	/home/acampbe/IowaWoundData/MiSeqV1V3_32/demultiplexed/MiSeqV1V3_32_barcode_120418_2.fastq.gz
120419	/home/acampbe/IowaWoundData/MiSeqV1V3_32/demultiplexed/MiSeqV1V3_32_barcode_120419_1.fastq.gz	/home/acampbe/IowaWoundData/MiSeqV1V3_32/demultiplexed/MiSeqV1V3_32_barcode_120419_2.fastq.gz
120420	/home/acampbe/IowaWoundData/MiSeqV1V3_32/demultiplexed/MiSeqV1V3_32_barcode_120420_1.fastq.gz	/home/acampbe/IowaWoundData/MiSeqV1V3_32/demultiplexed/MiSeqV1V3_32_barcode_120420_2.fastq.gz
120421	/home/acampbe/IowaWoundData/MiSeqV1V3_32/demultiplexed/MiSeqV1V3_32_barcode_120421_1.fastq.gz	/home/acampbe/IowaWoundData/MiSeqV1V3_32/demultiplexed/MiSeqV1V3_32_barcode_120421_2.fastq.gz
120422	/home/acampbe/IowaWoundData/MiSeqV1V3_32/demultiplexed/MiSeqV1V3_32_barcode_120422_1.fastq.gz	/home/acampbe/IowaWoundData/MiSeqV1V3_32/demultiplexed/MiSeqV1V3_32_barcode_120422_2.fastq.gz
120575	/home/acampbe/IowaWoundData/MiSeqV1V3_32/demultiplexed/MiSeqV1V3_32_barcode_120575_1.fastq.gz	/home/acampbe/IowaWoundData/MiSeqV1V3_32/demultiplexed/MiSeqV1V3_32_barcode_120575_2.fastq.gz
120423	/home/acampbe/IowaWoundData/MiSeqV1V3_32/demultiplexed/MiSeqV1V3_32_barcode_120423_1.fastq.gz	/home/acampbe/IowaWoundData/MiSeqV1V3_32/demultiplexed/MiSeqV1V3_32_barcode_120423_2.fastq.gz
120424	/home/acampbe/IowaWoundData/MiSeqV1V3_32/demultiplexed/MiSeqV1V3_32_barcode_120424_1.fastq.gz	/home/acampbe/IowaWoundData/MiSeqV1V3_32/demultiplexed/MiSeqV1V3_32_barcode_120424_2.fastq.gz
120576	/home/acampbe/IowaWoundData/MiSeqV1V3_32/demultiplexed/MiSeqV1V3_32_barcode_120576_1.fastq.gz	/home/acampbe/IowaWoundData/MiSeqV1V3_32/demultiplexed/MiSeqV1V3_32_barcode_120576_2.fastq.gz
120577	/home/acampbe/IowaWoundData/MiSeqV1V3_32/demultiplexed/MiSeqV1V3_32_barcode_120577_1.fastq.gz	/home/acampbe/IowaWoundData/MiSeqV1V3_32/demultiplexed/MiSeqV1V3_32_barcode_120577_2.fastq.gz
120550	/home/acampbe/IowaWoundData/MiSeqV1V3_32/demultiplexed/MiSeqV1V3_32_barcode_120550_1.fastq.gz	/home/acampbe/IowaWoundData/MiSeqV1V3_32/demultiplexed/MiSeqV1V3_32_barcode_120550_2.fastq.gz
120545	/home/acampbe/IowaWoundData/MiSeqV1V3_32/demultiplexed/MiSeqV1V3_32_barcode_120545_1.fastq.gz	/home/acampbe/IowaWoundData/MiSeqV1V3_32/demultiplexed/MiSeqV1V3_32_barcode_120545_2.fastq.gz
120449	/home/acampbe/IowaWoundData/MiSeqV1V3_32/demultiplexed/MiSeqV1V3_32_barcode_120449_1.fastq.gz	/home/acampbe/IowaWoundData/MiSeqV1V3_32/demultiplexed/MiSeqV1V3_32_barcode_120449_2.fastq.gz
120546	/home/acampbe/IowaWoundData/MiSeqV1V3_32/demultiplexed/MiSeqV1V3_32_barcode_120546_1.fastq.gz	/home/acampbe/IowaWoundData/MiSeqV1V3_32/demultiplexed/MiSeqV1V3_32_barcode_120546_2.fastq.gz
120578	/home/acampbe/IowaWoundData/MiSeqV1V3_32/demultiplexed/MiSeqV1V3_32_barcode_120578_1.fastq.gz	/home/acampbe/IowaWoundData/MiSeqV1V3_32/demultiplexed/MiSeqV1V3_32_barcode_120578_2.fastq.gz
120551	/home/acampbe/IowaWoundData/MiSeqV1V3_32/demultiplexed/MiSeqV1V3_32_barcode_120551_1.fastq.gz	/home/acampbe/IowaWoundData/MiSeqV1V3_32/demultiplexed/MiSeqV1V3_32_barcode_120551_2.fastq.gz
120552	/home/acampbe/IowaWoundData/MiSeqV1V3_32/demultiplexed/MiSeqV1V3_32_barcode_120552_1.fastq.gz	/home/acampbe/IowaWoundData/MiSeqV1V3_32/demultiplexed/MiSeqV1V3_32_barcode_120552_2.fastq.gz
120553	/home/acampbe/IowaWoundData/MiSeqV1V3_32/demultiplexed/MiSeqV1V3_32_barcode_120553_1.fastq.gz	/home/acampbe/IowaWoundData/MiSeqV1V3_32/demultiplexed/MiSeqV1V3_32_barcode_120553_2.fastq.gz
120554	/home/acampbe/IowaWoundData/MiSeqV1V3_32/demultiplexed/MiSeqV1V3_32_barcode_120554_1.fastq.gz	/home/acampbe/IowaWoundData/MiSeqV1V3_32/demultiplexed/MiSeqV1V3_32_barcode_120554_2.fastq.gz
120555	/home/acampbe/IowaWoundData/MiSeqV1V3_32/demultiplexed/MiSeqV1V3_32_barcode_120555_1.fastq.gz	/home/acampbe/IowaWoundData/MiSeqV1V3_32/demultiplexed/MiSeqV1V3_32_barcode_120555_2.fastq.gz
120579	/home/acampbe/IowaWoundData/MiSeqV1V3_32/demultiplexed/MiSeqV1V3_32_barcode_120579_1.fastq.gz	/home/acampbe/IowaWoundData/MiSeqV1V3_32/demultiplexed/MiSeqV1V3_32_barcode_120579_2.fastq.gz
120580	/home/acampbe/IowaWoundData/MiSeqV1V3_32/demultiplexed/MiSeqV1V3_32_barcode_120580_1.fastq.gz	/home/acampbe/IowaWoundData/MiSeqV1V3_32/demultiplexed/MiSeqV1V3_32_barcode_120580_2.fastq.gz
120581	/home/acampbe/IowaWoundData/MiSeqV1V3_32/demultiplexed/MiSeqV1V3_32_barcode_120581_1.fastq.gz	/home/acampbe/IowaWoundData/MiSeqV1V3_32/demultiplexed/MiSeqV1V3_32_barcode_120581_2.fastq.gz
120582	/home/acampbe/IowaWoundData/MiSeqV1V3_32/demultiplexed/MiSeqV1V3_32_barcode_120582_1.fastq.gz	/home/acampbe/IowaWoundData/MiSeqV1V3_32/demultiplexed/MiSeqV1V3_32_barcode_120582_2.fastq.gz
120583	/home/acampbe/IowaWoundData/MiSeqV1V3_32/demultiplexed/MiSeqV1V3_32_barcode_120583_1.fastq.gz	/home/acampbe/IowaWoundData/MiSeqV1V3_32/demultiplexed/MiSeqV1V3_32_barcode_120583_2.fastq.gz
120439	/home/acampbe/IowaWoundData/MiSeqV1V3_32/demultiplexed/MiSeqV1V3_32_barcode_120439_1.fastq.gz	/home/acampbe/IowaWoundData/MiSeqV1V3_32/demultiplexed/MiSeqV1V3_32_barcode_120439_2.fastq.gz
120584	/home/acampbe/IowaWoundData/MiSeqV1V3_32/demultiplexed/MiSeqV1V3_32_barcode_120584_1.fastq.gz	/home/acampbe/IowaWoundData/MiSeqV1V3_32/demultiplexed/MiSeqV1V3_32_barcode_120584_2.fastq.gz
120556	/home/acampbe/IowaWoundData/MiSeqV1V3_32/demultiplexed/MiSeqV1V3_32_barcode_120556_1.fastq.gz	/home/acampbe/IowaWoundData/MiSeqV1V3_32/demultiplexed/MiSeqV1V3_32_barcode_120556_2.fastq.gz
120585	/home/acampbe/IowaWoundData/MiSeqV1V3_32/demultiplexed/MiSeqV1V3_32_barcode_120585_1.fastq.gz	/home/acampbe/IowaWoundData/MiSeqV1V3_32/demultiplexed/MiSeqV1V3_32_barcode_120585_2.fastq.gz
120588	/home/acampbe/IowaWoundData/MiSeqV1V3_32/demultiplexed/MiSeqV1V3_32_barcode_120588_1.fastq.gz	/home/acampbe/IowaWoundData/MiSeqV1V3_32/demultiplexed/MiSeqV1V3_32_barcode_120588_2.fastq.gz
120590	/home/acampbe/IowaWoundData/MiSeqV1V3_32/demultiplexed/MiSeqV1V3_32_barcode_120590_1.fastq.gz	/home/acampbe/IowaWoundData/MiSeqV1V3_32/demultiplexed/MiSeqV1V3_32_barcode_120590_2.fastq.gz
120591	/home/acampbe/IowaWoundData/MiSeqV1V3_32/demultiplexed/MiSeqV1V3_32_barcode_120591_1.fastq.gz	/home/acampbe/IowaWoundData/MiSeqV1V3_32/demultiplexed/MiSeqV1V3_32_barcode_120591_2.fastq.gz
120592	/home/acampbe/IowaWoundData/MiSeqV1V3_32/demultiplexed/MiSeqV1V3_32_barcode_120592_1.fastq.gz	/home/acampbe/IowaWoundData/MiSeqV1V3_32/demultiplexed/MiSeqV1V3_32_barcode_120592_2.fastq.gz
120593	/home/acampbe/IowaWoundData/MiSeqV1V3_32/demultiplexed/MiSeqV1V3_32_barcode_120593_1.fastq.gz	/home/acampbe/IowaWoundData/MiSeqV1V3_32/demultiplexed/MiSeqV1V3_32_barcode_120593_2.fastq.gz
120557	/home/acampbe/IowaWoundData/MiSeqV1V3_32/demultiplexed/MiSeqV1V3_32_barcode_120557_1.fastq.gz	/home/acampbe/IowaWoundData/MiSeqV1V3_32/demultiplexed/MiSeqV1V3_32_barcode_120557_2.fastq.gz
120558	/home/acampbe/IowaWoundData/MiSeqV1V3_32/demultiplexed/MiSeqV1V3_32_barcode_120558_1.fastq.gz	/home/acampbe/IowaWoundData/MiSeqV1V3_32/demultiplexed/MiSeqV1V3_32_barcode_120558_2.fastq.gz
120594	/home/acampbe/IowaWoundData/MiSeqV1V3_32/demultiplexed/MiSeqV1V3_32_barcode_120594_1.fastq.gz	/home/acampbe/IowaWoundData/MiSeqV1V3_32/demultiplexed/MiSeqV1V3_32_barcode_120594_2.fastq.gz
120595	/home/acampbe/IowaWoundData/MiSeqV1V3_32/demultiplexed/MiSeqV1V3_32_barcode_120595_1.fastq.gz	/home/acampbe/IowaWoundData/MiSeqV1V3_32/demultiplexed/MiSeqV1V3_32_barcode_120595_2.fastq.gz
120596	/home/acampbe/IowaWoundData/MiSeqV1V3_32/demultiplexed/MiSeqV1V3_32_barcode_120596_1.fastq.gz	/home/acampbe/IowaWoundData/MiSeqV1V3_32/demultiplexed/MiSeqV1V3_32_barcode_120596_2.fastq.gz
120597	/home/acampbe/IowaWoundData/MiSeqV1V3_32/demultiplexed/MiSeqV1V3_32_barcode_120597_1.fastq.gz	/home/acampbe/IowaWoundData/MiSeqV1V3_32/demultiplexed/MiSeqV1V3_32_barcode_120597_2.fastq.gz
120598	/home/acampbe/IowaWoundData/MiSeqV1V3_32/demultiplexed/MiSeqV1V3_32_barcode_120598_1.fastq.gz	/home/acampbe/IowaWoundData/MiSeqV1V3_32/demultiplexed/MiSeqV1V3_32_barcode_120598_2.fastq.gz
120599	/home/acampbe/IowaWoundData/MiSeqV1V3_32/demultiplexed/MiSeqV1V3_32_barcode_120599_1.fastq.gz	/home/acampbe/IowaWoundData/MiSeqV1V3_32/demultiplexed/MiSeqV1V3_32_barcode_120599_2.fastq.gz
120440	/home/acampbe/IowaWoundData/MiSeqV1V3_32/demultiplexed/MiSeqV1V3_32_barcode_120440_1.fastq.gz	/home/acampbe/IowaWoundData/MiSeqV1V3_32/demultiplexed/MiSeqV1V3_32_barcode_120440_2.fastq.gz
120441	/home/acampbe/IowaWoundData/MiSeqV1V3_32/demultiplexed/MiSeqV1V3_32_barcode_120441_1.fastq.gz	/home/acampbe/IowaWoundData/MiSeqV1V3_32/demultiplexed/MiSeqV1V3_32_barcode_120441_2.fastq.gz
120497	/home/acampbe/IowaWoundData/MiSeqV1V3_32/demultiplexed/MiSeqV1V3_32_barcode_120497_1.fastq.gz	/home/acampbe/IowaWoundData/MiSeqV1V3_32/demultiplexed/MiSeqV1V3_32_barcode_120497_2.fastq.gz
120521	/home/acampbe/IowaWoundData/MiSeqV1V3_32/demultiplexed/MiSeqV1V3_32_barcode_120521_1.fastq.gz	/home/acampbe/IowaWoundData/MiSeqV1V3_32/demultiplexed/MiSeqV1V3_32_barcode_120521_2.fastq.gz
120560	/home/acampbe/IowaWoundData/MiSeqV1V3_32/demultiplexed/MiSeqV1V3_32_barcode_120560_1.fastq.gz	/home/acampbe/IowaWoundData/MiSeqV1V3_32/demultiplexed/MiSeqV1V3_32_barcode_120560_2.fastq.gz
120498	/home/acampbe/IowaWoundData/MiSeqV1V3_32/demultiplexed/MiSeqV1V3_32_barcode_120498_1.fastq.gz	/home/acampbe/IowaWoundData/MiSeqV1V3_32/demultiplexed/MiSeqV1V3_32_barcode_120498_2.fastq.gz
120561	/home/acampbe/IowaWoundData/MiSeqV1V3_32/demultiplexed/MiSeqV1V3_32_barcode_120561_1.fastq.gz	/home/acampbe/IowaWoundData/MiSeqV1V3_32/demultiplexed/MiSeqV1V3_32_barcode_120561_2.fastq.gz
120562	/home/acampbe/IowaWoundData/MiSeqV1V3_32/demultiplexed/MiSeqV1V3_32_barcode_120562_1.fastq.gz	/home/acampbe/IowaWoundData/MiSeqV1V3_32/demultiplexed/MiSeqV1V3_32_barcode_120562_2.fastq.gz
120563	/home/acampbe/IowaWoundData/MiSeqV1V3_32/demultiplexed/MiSeqV1V3_32_barcode_120563_1.fastq.gz	/home/acampbe/IowaWoundData/MiSeqV1V3_32/demultiplexed/MiSeqV1V3_32_barcode_120563_2.fastq.gz
120499	/home/acampbe/IowaWoundData/MiSeqV1V3_32/demultiplexed/MiSeqV1V3_32_barcode_120499_1.fastq.gz	/home/acampbe/IowaWoundData/MiSeqV1V3_32/demultiplexed/MiSeqV1V3_32_barcode_120499_2.fastq.gz
120444	/home/acampbe/IowaWoundData/MiSeqV1V3_32/demultiplexed/MiSeqV1V3_32_barcode_120444_1.fastq.gz	/home/acampbe/IowaWoundData/MiSeqV1V3_32/demultiplexed/MiSeqV1V3_32_barcode_120444_2.fastq.gz
120500	/home/acampbe/IowaWoundData/MiSeqV1V3_32/demultiplexed/MiSeqV1V3_32_barcode_120500_1.fastq.gz	/home/acampbe/IowaWoundData/MiSeqV1V3_32/demultiplexed/MiSeqV1V3_32_barcode_120500_2.fastq.gz
120501	/home/acampbe/IowaWoundData/MiSeqV1V3_32/demultiplexed/MiSeqV1V3_32_barcode_120501_1.fastq.gz	/home/acampbe/IowaWoundData/MiSeqV1V3_32/demultiplexed/MiSeqV1V3_32_barcode_120501_2.fastq.gz
120502	/home/acampbe/IowaWoundData/MiSeqV1V3_32/demultiplexed/MiSeqV1V3_32_barcode_120502_1.fastq.gz	/home/acampbe/IowaWoundData/MiSeqV1V3_32/demultiplexed/MiSeqV1V3_32_barcode_120502_2.fastq.gz
120445	/home/acampbe/IowaWoundData/MiSeqV1V3_32/demultiplexed/MiSeqV1V3_32_barcode_120445_1.fastq.gz	/home/acampbe/IowaWoundData/MiSeqV1V3_32/demultiplexed/MiSeqV1V3_32_barcode_120445_2.fastq.gz
120446	/home/acampbe/IowaWoundData/MiSeqV1V3_32/demultiplexed/MiSeqV1V3_32_barcode_120446_1.fastq.gz	/home/acampbe/IowaWoundData/MiSeqV1V3_32/demultiplexed/MiSeqV1V3_32_barcode_120446_2.fastq.gz
120503	/home/acampbe/IowaWoundData/MiSeqV1V3_32/demultiplexed/MiSeqV1V3_32_barcode_120503_1.fastq.gz	/home/acampbe/IowaWoundData/MiSeqV1V3_32/demultiplexed/MiSeqV1V3_32_barcode_120503_2.fastq.gz
120504	/home/acampbe/IowaWoundData/MiSeqV1V3_32/demultiplexed/MiSeqV1V3_32_barcode_120504_1.fastq.gz	/home/acampbe/IowaWoundData/MiSeqV1V3_32/demultiplexed/MiSeqV1V3_32_barcode_120504_2.fastq.gz
120505	/home/acampbe/IowaWoundData/MiSeqV1V3_32/demultiplexed/MiSeqV1V3_32_barcode_120505_1.fastq.gz	/home/acampbe/IowaWoundData/MiSeqV1V3_32/demultiplexed/MiSeqV1V3_32_barcode_120505_2.fastq.gz
120506	/home/acampbe/IowaWoundData/MiSeqV1V3_32/demultiplexed/MiSeqV1V3_32_barcode_120506_1.fastq.gz	/home/acampbe/IowaWoundData/MiSeqV1V3_32/demultiplexed/MiSeqV1V3_32_barcode_120506_2.fastq.gz
120447	/home/acampbe/IowaWoundData/MiSeqV1V3_32/demultiplexed/MiSeqV1V3_32_barcode_120447_1.fastq.gz	/home/acampbe/IowaWoundData/MiSeqV1V3_32/demultiplexed/MiSeqV1V3_32_barcode_120447_2.fastq.gz
120507	/home/acampbe/IowaWoundData/MiSeqV1V3_32/demultiplexed/MiSeqV1V3_32_barcode_120507_1.fastq.gz	/home/acampbe/IowaWoundData/MiSeqV1V3_32/demultiplexed/MiSeqV1V3_32_barcode_120507_2.fastq.gz
120508	/home/acampbe/IowaWoundData/MiSeqV1V3_32/demultiplexed/MiSeqV1V3_32_barcode_120508_1.fastq.gz	/home/acampbe/IowaWoundData/MiSeqV1V3_32/demultiplexed/MiSeqV1V3_32_barcode_120508_2.fastq.gz
120448	/home/acampbe/IowaWoundData/MiSeqV1V3_32/demultiplexed/MiSeqV1V3_32_barcode_120448_1.fastq.gz	/home/acampbe/IowaWoundData/MiSeqV1V3_32/demultiplexed/MiSeqV1V3_32_barcode_120448_2.fastq.gz
120564	/home/acampbe/IowaWoundData/MiSeqV1V3_32/demultiplexed/MiSeqV1V3_32_barcode_120564_1.fastq.gz	/home/acampbe/IowaWoundData/MiSeqV1V3_32/demultiplexed/MiSeqV1V3_32_barcode_120564_2.fastq.gz
120509	/home/acampbe/IowaWoundData/MiSeqV1V3_32/demultiplexed/MiSeqV1V3_32_barcode_120509_1.fastq.gz	/home/acampbe/IowaWoundData/MiSeqV1V3_32/demultiplexed/MiSeqV1V3_32_barcode_120509_2.fastq.gz
120474	/home/acampbe/IowaWoundData/MiSeqV1V3_32/demultiplexed/MiSeqV1V3_32_barcode_120474_1.fastq.gz	/home/acampbe/IowaWoundData/MiSeqV1V3_32/demultiplexed/MiSeqV1V3_32_barcode_120474_2.fastq.gz
120510	/home/acampbe/IowaWoundData/MiSeqV1V3_32/demultiplexed/MiSeqV1V3_32_barcode_120510_1.fastq.gz	/home/acampbe/IowaWoundData/MiSeqV1V3_32/demultiplexed/MiSeqV1V3_32_barcode_120510_2.fastq.gz
120450	/home/acampbe/IowaWoundData/MiSeqV1V3_32/demultiplexed/MiSeqV1V3_32_barcode_120450_1.fastq.gz	/home/acampbe/IowaWoundData/MiSeqV1V3_32/demultiplexed/MiSeqV1V3_32_barcode_120450_2.fastq.gz
120511	/home/acampbe/IowaWoundData/MiSeqV1V3_32/demultiplexed/MiSeqV1V3_32_barcode_120511_1.fastq.gz	/home/acampbe/IowaWoundData/MiSeqV1V3_32/demultiplexed/MiSeqV1V3_32_barcode_120511_2.fastq.gz
120512	/home/acampbe/IowaWoundData/MiSeqV1V3_32/demultiplexed/MiSeqV1V3_32_barcode_120512_1.fastq.gz	/home/acampbe/IowaWoundData/MiSeqV1V3_32/demultiplexed/MiSeqV1V3_32_barcode_120512_2.fastq.gz
120475	/home/acampbe/IowaWoundData/MiSeqV1V3_32/demultiplexed/MiSeqV1V3_32_barcode_120475_1.fastq.gz	/home/acampbe/IowaWoundData/MiSeqV1V3_32/demultiplexed/MiSeqV1V3_32_barcode_120475_2.fastq.gz
120476	/home/acampbe/IowaWoundData/MiSeqV1V3_32/demultiplexed/MiSeqV1V3_32_barcode_120476_1.fastq.gz	/home/acampbe/IowaWoundData/MiSeqV1V3_32/demultiplexed/MiSeqV1V3_32_barcode_120476_2.fastq.gz
120513	/home/acampbe/IowaWoundData/MiSeqV1V3_32/demultiplexed/MiSeqV1V3_32_barcode_120513_1.fastq.gz	/home/acampbe/IowaWoundData/MiSeqV1V3_32/demultiplexed/MiSeqV1V3_32_barcode_120513_2.fastq.gz
120514	/home/acampbe/IowaWoundData/MiSeqV1V3_32/demultiplexed/MiSeqV1V3_32_barcode_120514_1.fastq.gz	/home/acampbe/IowaWoundData/MiSeqV1V3_32/demultiplexed/MiSeqV1V3_32_barcode_120514_2.fastq.gz
120451	/home/acampbe/IowaWoundData/MiSeqV1V3_32/demultiplexed/MiSeqV1V3_32_barcode_120451_1.fastq.gz	/home/acampbe/IowaWoundData/MiSeqV1V3_32/demultiplexed/MiSeqV1V3_32_barcode_120451_2.fastq.gz
120515	/home/acampbe/IowaWoundData/MiSeqV1V3_32/demultiplexed/MiSeqV1V3_32_barcode_120515_1.fastq.gz	/home/acampbe/IowaWoundData/MiSeqV1V3_32/demultiplexed/MiSeqV1V3_32_barcode_120515_2.fastq.gz
120477	/home/acampbe/IowaWoundData/MiSeqV1V3_32/demultiplexed/MiSeqV1V3_32_barcode_120477_1.fastq.gz	/home/acampbe/IowaWoundData/MiSeqV1V3_32/demultiplexed/MiSeqV1V3_32_barcode_120477_2.fastq.gz
120478	/home/acampbe/IowaWoundData/MiSeqV1V3_32/demultiplexed/MiSeqV1V3_32_barcode_120478_1.fastq.gz	/home/acampbe/IowaWoundData/MiSeqV1V3_32/demultiplexed/MiSeqV1V3_32_barcode_120478_2.fastq.gz
120479	/home/acampbe/IowaWoundData/MiSeqV1V3_32/demultiplexed/MiSeqV1V3_32_barcode_120479_1.fastq.gz	/home/acampbe/IowaWoundData/MiSeqV1V3_32/demultiplexed/MiSeqV1V3_32_barcode_120479_2.fastq.gz
120480	/home/acampbe/IowaWoundData/MiSeqV1V3_32/demultiplexed/MiSeqV1V3_32_barcode_120480_1.fastq.gz	/home/acampbe/IowaWoundData/MiSeqV1V3_32/demultiplexed/MiSeqV1V3_32_barcode_120480_2.fastq.gz
120481	/home/acampbe/IowaWoundData/MiSeqV1V3_32/demultiplexed/MiSeqV1V3_32_barcode_120481_1.fastq.gz	/home/acampbe/IowaWoundData/MiSeqV1V3_32/demultiplexed/MiSeqV1V3_32_barcode_120481_2.fastq.gz
120482	/home/acampbe/IowaWoundData/MiSeqV1V3_32/demultiplexed/MiSeqV1V3_32_barcode_120482_1.fastq.gz	/home/acampbe/IowaWoundData/MiSeqV1V3_32/demultiplexed/MiSeqV1V3_32_barcode_120482_2.fastq.gz
120483	/home/acampbe/IowaWoundData/MiSeqV1V3_32/demultiplexed/MiSeqV1V3_32_barcode_120483_1.fastq.gz	/home/acampbe/IowaWoundData/MiSeqV1V3_32/demultiplexed/MiSeqV1V3_32_barcode_120483_2.fastq.gz
120517	/home/acampbe/IowaWoundData/MiSeqV1V3_32/demultiplexed/MiSeqV1V3_32_barcode_120517_1.fastq.gz	/home/acampbe/IowaWoundData/MiSeqV1V3_32/demultiplexed/MiSeqV1V3_32_barcode_120517_2.fastq.gz
120518	/home/acampbe/IowaWoundData/MiSeqV1V3_32/demultiplexed/MiSeqV1V3_32_barcode_120518_1.fastq.gz	/home/acampbe/IowaWoundData/MiSeqV1V3_32/demultiplexed/MiSeqV1V3_32_barcode_120518_2.fastq.gz
120565	/home/acampbe/IowaWoundData/MiSeqV1V3_32/demultiplexed/MiSeqV1V3_32_barcode_120565_1.fastq.gz	/home/acampbe/IowaWoundData/MiSeqV1V3_32/demultiplexed/MiSeqV1V3_32_barcode_120565_2.fastq.gz
120484	/home/acampbe/IowaWoundData/MiSeqV1V3_32/demultiplexed/MiSeqV1V3_32_barcode_120484_1.fastq.gz	/home/acampbe/IowaWoundData/MiSeqV1V3_32/demultiplexed/MiSeqV1V3_32_barcode_120484_2.fastq.gz
120453	/home/acampbe/IowaWoundData/MiSeqV1V3_32/demultiplexed/MiSeqV1V3_32_barcode_120453_1.fastq.gz	/home/acampbe/IowaWoundData/MiSeqV1V3_32/demultiplexed/MiSeqV1V3_32_barcode_120453_2.fastq.gz
120454	/home/acampbe/IowaWoundData/MiSeqV1V3_32/demultiplexed/MiSeqV1V3_32_barcode_120454_1.fastq.gz	/home/acampbe/IowaWoundData/MiSeqV1V3_32/demultiplexed/MiSeqV1V3_32_barcode_120454_2.fastq.gz
120485	/home/acampbe/IowaWoundData/MiSeqV1V3_32/demultiplexed/MiSeqV1V3_32_barcode_120485_1.fastq.gz	/home/acampbe/IowaWoundData/MiSeqV1V3_32/demultiplexed/MiSeqV1V3_32_barcode_120485_2.fastq.gz
120486	/home/acampbe/IowaWoundData/MiSeqV1V3_32/demultiplexed/MiSeqV1V3_32_barcode_120486_1.fastq.gz	/home/acampbe/IowaWoundData/MiSeqV1V3_32/demultiplexed/MiSeqV1V3_32_barcode_120486_2.fastq.gz
120600	/home/acampbe/IowaWoundData/MiSeqV1V3_32/demultiplexed/MiSeqV1V3_32_barcode_120600_1.fastq.gz	/home/acampbe/IowaWoundData/MiSeqV1V3_32/demultiplexed/MiSeqV1V3_32_barcode_120600_2.fastq.gz
120487	/home/acampbe/IowaWoundData/MiSeqV1V3_32/demultiplexed/MiSeqV1V3_32_barcode_120487_1.fastq.gz	/home/acampbe/IowaWoundData/MiSeqV1V3_32/demultiplexed/MiSeqV1V3_32_barcode_120487_2.fastq.gz
120488	/home/acampbe/IowaWoundData/MiSeqV1V3_32/demultiplexed/MiSeqV1V3_32_barcode_120488_1.fastq.gz	/home/acampbe/IowaWoundData/MiSeqV1V3_32/demultiplexed/MiSeqV1V3_32_barcode_120488_2.fastq.gz
120519	/home/acampbe/IowaWoundData/MiSeqV1V3_32/demultiplexed/MiSeqV1V3_32_barcode_120519_1.fastq.gz	/home/acampbe/IowaWoundData/MiSeqV1V3_32/demultiplexed/MiSeqV1V3_32_barcode_120519_2.fastq.gz
120601	/home/acampbe/IowaWoundData/MiSeqV1V3_32/demultiplexed/MiSeqV1V3_32_barcode_120601_1.fastq.gz	/home/acampbe/IowaWoundData/MiSeqV1V3_32/demultiplexed/MiSeqV1V3_32_barcode_120601_2.fastq.gz
120566	/home/acampbe/IowaWoundData/MiSeqV1V3_32/demultiplexed/MiSeqV1V3_32_barcode_120566_1.fastq.gz	/home/acampbe/IowaWoundData/MiSeqV1V3_32/demultiplexed/MiSeqV1V3_32_barcode_120566_2.fastq.gz
120520	/home/acampbe/IowaWoundData/MiSeqV1V3_32/demultiplexed/MiSeqV1V3_32_barcode_120520_1.fastq.gz	/home/acampbe/IowaWoundData/MiSeqV1V3_32/demultiplexed/MiSeqV1V3_32_barcode_120520_2.fastq.gz
120455	/home/acampbe/IowaWoundData/MiSeqV1V3_32/demultiplexed/MiSeqV1V3_32_barcode_120455_1.fastq.gz	/home/acampbe/IowaWoundData/MiSeqV1V3_32/demultiplexed/MiSeqV1V3_32_barcode_120455_2.fastq.gz
120489	/home/acampbe/IowaWoundData/MiSeqV1V3_32/demultiplexed/MiSeqV1V3_32_barcode_120489_1.fastq.gz	/home/acampbe/IowaWoundData/MiSeqV1V3_32/demultiplexed/MiSeqV1V3_32_barcode_120489_2.fastq.gz
120456	/home/acampbe/IowaWoundData/MiSeqV1V3_32/demultiplexed/MiSeqV1V3_32_barcode_120456_1.fastq.gz	/home/acampbe/IowaWoundData/MiSeqV1V3_32/demultiplexed/MiSeqV1V3_32_barcode_120456_2.fastq.gz
120490	/home/acampbe/IowaWoundData/MiSeqV1V3_32/demultiplexed/MiSeqV1V3_32_barcode_120490_1.fastq.gz	/home/acampbe/IowaWoundData/MiSeqV1V3_32/demultiplexed/MiSeqV1V3_32_barcode_120490_2.fastq.gz
120491	/home/acampbe/IowaWoundData/MiSeqV1V3_32/demultiplexed/MiSeqV1V3_32_barcode_120491_1.fastq.gz	/home/acampbe/IowaWoundData/MiSeqV1V3_32/demultiplexed/MiSeqV1V3_32_barcode_120491_2.fastq.gz
120492	/home/acampbe/IowaWoundData/MiSeqV1V3_32/demultiplexed/MiSeqV1V3_32_barcode_120492_1.fastq.gz	/home/acampbe/IowaWoundData/MiSeqV1V3_32/demultiplexed/MiSeqV1V3_32_barcode_120492_2.fastq.gz
120493	/home/acampbe/IowaWoundData/MiSeqV1V3_32/demultiplexed/MiSeqV1V3_32_barcode_120493_1.fastq.gz	/home/acampbe/IowaWoundData/MiSeqV1V3_32/demultiplexed/MiSeqV1V3_32_barcode_120493_2.fastq.gz
120567	/home/acampbe/IowaWoundData/MiSeqV1V3_32/demultiplexed/MiSeqV1V3_32_barcode_120567_1.fastq.gz	/home/acampbe/IowaWoundData/MiSeqV1V3_32/demultiplexed/MiSeqV1V3_32_barcode_120567_2.fastq.gz
120568	/home/acampbe/IowaWoundData/MiSeqV1V3_32/demultiplexed/MiSeqV1V3_32_barcode_120568_1.fastq.gz	/home/acampbe/IowaWoundData/MiSeqV1V3_32/demultiplexed/MiSeqV1V3_32_barcode_120568_2.fastq.gz
120494	/home/acampbe/IowaWoundData/MiSeqV1V3_32/demultiplexed/MiSeqV1V3_32_barcode_120494_1.fastq.gz	/home/acampbe/IowaWoundData/MiSeqV1V3_32/demultiplexed/MiSeqV1V3_32_barcode_120494_2.fastq.gz
120457	/home/acampbe/IowaWoundData/MiSeqV1V3_32/demultiplexed/MiSeqV1V3_32_barcode_120457_1.fastq.gz	/home/acampbe/IowaWoundData/MiSeqV1V3_32/demultiplexed/MiSeqV1V3_32_barcode_120457_2.fastq.gz
120458	/home/acampbe/IowaWoundData/MiSeqV1V3_32/demultiplexed/MiSeqV1V3_32_barcode_120458_1.fastq.gz	/home/acampbe/IowaWoundData/MiSeqV1V3_32/demultiplexed/MiSeqV1V3_32_barcode_120458_2.fastq.gz
120459	/home/acampbe/IowaWoundData/MiSeqV1V3_32/demultiplexed/MiSeqV1V3_32_barcode_120459_1.fastq.gz	/home/acampbe/IowaWoundData/MiSeqV1V3_32/demultiplexed/MiSeqV1V3_32_barcode_120459_2.fastq.gz
120461	/home/acampbe/IowaWoundData/MiSeqV1V3_32/demultiplexed/MiSeqV1V3_32_barcode_120461_1.fastq.gz	/home/acampbe/IowaWoundData/MiSeqV1V3_32/demultiplexed/MiSeqV1V3_32_barcode_120461_2.fastq.gz
120569	/home/acampbe/IowaWoundData/MiSeqV1V3_32/demultiplexed/MiSeqV1V3_32_barcode_120569_1.fastq.gz	/home/acampbe/IowaWoundData/MiSeqV1V3_32/demultiplexed/MiSeqV1V3_32_barcode_120569_2.fastq.gz
120462	/home/acampbe/IowaWoundData/MiSeqV1V3_32/demultiplexed/MiSeqV1V3_32_barcode_120462_1.fastq.gz	/home/acampbe/IowaWoundData/MiSeqV1V3_32/demultiplexed/MiSeqV1V3_32_barcode_120462_2.fastq.gz
120463	/home/acampbe/IowaWoundData/MiSeqV1V3_32/demultiplexed/MiSeqV1V3_32_barcode_120463_1.fastq.gz	/home/acampbe/IowaWoundData/MiSeqV1V3_32/demultiplexed/MiSeqV1V3_32_barcode_120463_2.fastq.gz
120464	/home/acampbe/IowaWoundData/MiSeqV1V3_32/demultiplexed/MiSeqV1V3_32_barcode_120464_1.fastq.gz	/home/acampbe/IowaWoundData/MiSeqV1V3_32/demultiplexed/MiSeqV1V3_32_barcode_120464_2.fastq.gz
120465	/home/acampbe/IowaWoundData/MiSeqV1V3_32/demultiplexed/MiSeqV1V3_32_barcode_120465_1.fastq.gz	/home/acampbe/IowaWoundData/MiSeqV1V3_32/demultiplexed/MiSeqV1V3_32_barcode_120465_2.fastq.gz
120466	/home/acampbe/IowaWoundData/MiSeqV1V3_32/demultiplexed/MiSeqV1V3_32_barcode_120466_1.fastq.gz	/home/acampbe/IowaWoundData/MiSeqV1V3_32/demultiplexed/MiSeqV1V3_32_barcode_120466_2.fastq.gz
120467	/home/acampbe/IowaWoundData/MiSeqV1V3_32/demultiplexed/MiSeqV1V3_32_barcode_120467_1.fastq.gz	/home/acampbe/IowaWoundData/MiSeqV1V3_32/demultiplexed/MiSeqV1V3_32_barcode_120467_2.fastq.gz
120468	/home/acampbe/IowaWoundData/MiSeqV1V3_32/demultiplexed/MiSeqV1V3_32_barcode_120468_1.fastq.gz	/home/acampbe/IowaWoundData/MiSeqV1V3_32/demultiplexed/MiSeqV1V3_32_barcode_120468_2.fastq.gz
120469	/home/acampbe/IowaWoundData/MiSeqV1V3_32/demultiplexed/MiSeqV1V3_32_barcode_120469_1.fastq.gz	/home/acampbe/IowaWoundData/MiSeqV1V3_32/demultiplexed/MiSeqV1V3_32_barcode_120469_2.fastq.gz
120470	/home/acampbe/IowaWoundData/MiSeqV1V3_32/demultiplexed/MiSeqV1V3_32_barcode_120470_1.fastq.gz	/home/acampbe/IowaWoundData/MiSeqV1V3_32/demultiplexed/MiSeqV1V3_32_barcode_120470_2.fastq.gz
120570	/home/acampbe/IowaWoundData/MiSeqV1V3_32/demultiplexed/MiSeqV1V3_32_barcode_120570_1.fastq.gz	/home/acampbe/IowaWoundData/MiSeqV1V3_32/demultiplexed/MiSeqV1V3_32_barcode_120570_2.fastq.gz
120471	/home/acampbe/IowaWoundData/MiSeqV1V3_32/demultiplexed/MiSeqV1V3_32_barcode_120471_1.fastq.gz	/home/acampbe/IowaWoundData/MiSeqV1V3_32/demultiplexed/MiSeqV1V3_32_barcode_120471_2.fastq.gz
120495	/home/acampbe/IowaWoundData/MiSeqV1V3_32/demultiplexed/MiSeqV1V3_32_barcode_120495_1.fastq.gz	/home/acampbe/IowaWoundData/MiSeqV1V3_32/demultiplexed/MiSeqV1V3_32_barcode_120495_2.fastq.gz
120472	/home/acampbe/IowaWoundData/MiSeqV1V3_32/demultiplexed/MiSeqV1V3_32_barcode_120472_1.fastq.gz	/home/acampbe/IowaWoundData/MiSeqV1V3_32/demultiplexed/MiSeqV1V3_32_barcode_120472_2.fastq.gz
120496	/home/acampbe/IowaWoundData/MiSeqV1V3_32/demultiplexed/MiSeqV1V3_32_barcode_120496_1.fastq.gz	/home/acampbe/IowaWoundData/MiSeqV1V3_32/demultiplexed/MiSeqV1V3_32_barcode_120496_2.fastq.gz
120602	/home/acampbe/IowaWoundData/MiSeqV1V3_32/demultiplexed/MiSeqV1V3_32_barcode_120602_1.fastq.gz	/home/acampbe/IowaWoundData/MiSeqV1V3_32/demultiplexed/MiSeqV1V3_32_barcode_120602_2.fastq.gz
120443	/home/acampbe/IowaWoundData/MiSeqV1V3_32/demultiplexed/MiSeqV1V3_32_barcode_120443_1.fastq.gz	/home/acampbe/IowaWoundData/MiSeqV1V3_32/demultiplexed/MiSeqV1V3_32_barcode_120443_2.fastq.gz
120522	/home/acampbe/IowaWoundData/MiSeqV1V3_32/demultiplexed/MiSeqV1V3_32_barcode_120522_1.fastq.gz	/home/acampbe/IowaWoundData/MiSeqV1V3_32/demultiplexed/MiSeqV1V3_32_barcode_120522_2.fastq.gz
120603	/home/acampbe/IowaWoundData/MiSeqV1V3_32/demultiplexed/MiSeqV1V3_32_barcode_120603_1.fastq.gz	/home/acampbe/IowaWoundData/MiSeqV1V3_32/demultiplexed/MiSeqV1V3_32_barcode_120603_2.fastq.gz
120586	/home/acampbe/IowaWoundData/MiSeqV1V3_32/demultiplexed/MiSeqV1V3_32_barcode_120586_1.fastq.gz	/home/acampbe/IowaWoundData/MiSeqV1V3_32/demultiplexed/MiSeqV1V3_32_barcode_120586_2.fastq.gz
120363	/home/acampbe/IowaWoundData/MiSeqV1V3_32/demultiplexed/MiSeqV1V3_32_barcode_120363_1.fastq.gz	/home/acampbe/IowaWoundData/MiSeqV1V3_32/demultiplexed/MiSeqV1V3_32_barcode_120363_2.fastq.gz
